{"report": {"environment": {}, "tests": [], "summary": {"num_tests": 0, "duration": 0.06561422348022461}, "created_at": "2026-07-09 14:49:50.527458"}}